watershed,year,april_c,may_c,june_c,temp_aprjun_c
Blue Mesa Reservoir,1980,-1.7275213017556081,4.205281449749694,11.024198664765228,4.5006529375864375
Blue Mesa Reservoir,1981,2.861119508867986,5.0680333887582165,12.159919677191585,6.696357524939263
Blue Mesa Reservoir,1982,-0.8175140426837418,4.429652062901628,9.247852387820467,4.286663469346117
Blue Mesa Reservoir,1983,-2.792398868198293,3.2851093807583975,8.895137837007665,3.129282783189256
Blue Mesa Reservoir,1984,-2.6422309454562485,6.680009338849283,9.270396114044749,4.4360581691459275
Blue Mesa Reservoir,1985,1.5299884393479282,5.9206274843543225,11.025516754126848,6.1587108926097
Blue Mesa Reservoir,1986,0.9389297760167745,4.853344940579887,10.967288165486309,5.586520960694323
Blue Mesa Reservoir,1987,1.5539333082890885,5.488603137580151,11.118261324048849,6.053599256639362
Blue Mesa Reservoir,1988,0.9579227499161319,5.123149443450097,11.741737528113513,5.940936573826581
Blue Mesa Reservoir,1989,2.6957031718722217,6.261417884310095,9.99681922380646,6.317980093329592
Blue Mesa Reservoir,1990,2.24113773989139,4.445038159247989,12.008275697434534,6.231483865524638
Blue Mesa Reservoir,1991,-0.9812959351081827,5.057693966148467,10.25945584527871,4.778617958772998
Blue Mesa Reservoir,1992,3.400337231257298,7.057488938256771,9.485962559753588,6.647929576422553
Blue Mesa Reservoir,1993,-0.410975649259097,5.233519547099906,9.465963561513703,4.762835819784837
Blue Mesa Reservoir,1994,0.7801294565655622,6.516883240262866,12.94431757950043,6.747110092109619
Blue Mesa Reservoir,1995,-0.9448280464349672,3.3154583461774743,8.777509470195803,3.7160465899794364
Blue Mesa Reservoir,1996,0.36356960222769263,7.682476224423775,11.239861685435708,6.428635837362393
Blue Mesa Reservoir,1997,-1.166840372105534,5.584746040688513,10.788051865642386,5.068652511408454
Blue Mesa Reservoir,1998,-0.9862026897355289,6.093198217677953,9.378041807419017,4.828345778453813
Blue Mesa Reservoir,1999,-0.9002441171929056,4.191152258573238,9.823687741871678,4.3715319610840035
Blue Mesa Reservoir,2000,2.7990651444141794,7.569646552234997,11.715201459264856,7.361304385304678
Blue Mesa Reservoir,2001,1.9640635298114628,7.0340465745129395,11.682379431077687,6.893496511800696
Blue Mesa Reservoir,2002,3.572488994781608,6.437627720560554,13.641334861399374,7.883817192247179
Blue Mesa Reservoir,2003,1.2394223028312459,6.426341727112996,10.410102513304267,6.025288847749503
Blue Mesa Reservoir,2004,2.0902439261496575,6.6183609441223545,11.006292053277773,6.571632307849929
Blue Mesa Reservoir,2005,1.0507345590133728,6.598497013907372,10.069358218647178,5.906196597189307
Blue Mesa Reservoir,2006,2.5239407461026784,7.457678412596291,12.64517027225609,7.542263143651685
Blue Mesa Reservoir,2007,1.7629452945066564,6.2479118644183895,11.768691307877662,6.593182822267569
Blue Mesa Reservoir,2008,-1.054757920629589,4.697693439473398,10.833305430585554,4.825413649809788
Blue Mesa Reservoir,2009,0.013368821434200834,7.644860853630722,9.589444339174982,5.749224671413302
Blue Mesa Reservoir,2010,0.9525096306827545,4.515894083544622,12.372219477239979,5.946874397155785
Blue Mesa Reservoir,2011,0.4913681503415658,3.7878646363957005,11.454131664882166,5.244454817206477
Blue Mesa Reservoir,2012,3.545688962622852,7.599341479896437,14.161346664202094,8.435459035573794
Blue Mesa Reservoir,2013,0.06374543303379819,5.860696836290496,13.191277450051519,6.371906573125272
Blue Mesa Reservoir,2014,0.30217881898323407,5.259023665079048,11.174044714412391,5.578415732824891
Blue Mesa Reservoir,2015,1.536953946898011,4.777096679673194,12.495313870465424,6.269788165678876
Blue Mesa Reservoir,2016,1.252831794336923,5.073488256301913,13.526496588261105,6.6176055462999805
Blue Mesa Reservoir,2017,1.3452480265997933,5.28888705291257,13.137524185297275,6.590553088269879
Blue Mesa Reservoir,2018,2.225562718478655,8.12692212299955,13.415902646001278,7.922795829159828
Blue Mesa Reservoir,2019,1.721718927936697,3.1410627524796895,10.126278242458179,4.996353307624855
Blue Mesa Reservoir,2020,1.3080923320594655,7.978765284466432,12.11849925511161,7.135118957212502
Blue Mesa Reservoir,2021,1.7135761043864115,6.350056502501486,13.183940049431197,7.082524218773031
Blue Mesa Reservoir,2022,1.1728152777105347,6.400829662622562,12.04525696164808,6.539633967327059
Blue Mesa Reservoir,2023,-1.299143512387275,6.698773776679105,9.596115474435493,4.998581912909107
Blue Mesa Reservoir,2024,1.581426995886012,3.93889274037856,13.07760462372251,6.1993081199956945
Blue Mesa Reservoir,2025,0.7637168818392289,5.407209305118614,12.322626229545945,6.16451747216793
Navajo Reservoir,1980,3.124004817097652,7.537273670507829,14.291081857423752,8.317453448343079
Navajo Reservoir,1981,6.385407058523406,8.824836115740267,15.606583531073793,10.272275568445822
Navajo Reservoir,1982,3.546609532569669,8.027445654152634,12.774241204550675,8.116098797090993
Navajo Reservoir,1983,0.923854356331839,7.038802907732236,12.235581740423239,6.732746334829105
Navajo Reservoir,1984,2.3627092387857878,10.929069327720033,13.24274905242792,8.84484253964458
Navajo Reservoir,1985,5.436209710976971,9.298184464183086,14.667941910148263,9.800778695102773
Navajo Reservoir,1986,4.41813730920528,8.633769793025307,14.326598096398657,9.126168399543081
Navajo Reservoir,1987,5.50937979790027,8.688854785919006,14.62118352732573,9.606472703715001
Navajo Reservoir,1988,4.870340647026847,8.886484930511118,15.071438855522416,9.609421477686794
Navajo Reservoir,1989,7.013736406621097,10.108417130482843,13.583950686180778,10.235368074428239
Navajo Reservoir,1990,5.44225005683825,8.114008149333715,15.67575830676088,9.744005504310948
Navajo Reservoir,1991,3.1281785736254193,8.675745564791477,12.991407433934333,8.265110524117077
Navajo Reservoir,1992,6.946923226682732,9.826356905509336,12.980054881362339,9.917778337851468
Navajo Reservoir,1993,3.7786710500751215,9.348393277349578,12.914106500029112,8.680390275817937
Navajo Reservoir,1994,4.653858626604075,9.801425333225271,16.217451070568735,10.224245010132693
Navajo Reservoir,1995,3.1151079529461816,7.106458133143095,12.426647500254983,7.5494045287814195
Navajo Reservoir,1996,4.903198394402516,11.839179611878828,15.6290743683277,10.79048412486968
Navajo Reservoir,1997,2.8424986343914,9.635910496165781,13.844682253503347,8.774363794686844
Navajo Reservoir,1998,2.6636714801204984,9.705660942940394,13.007890844927198,8.459074422662697
Navajo Reservoir,1999,2.9209621892578284,8.0899416071581,13.285279347616843,8.09872771467759
Navajo Reservoir,2000,6.666298010894062,11.490826890582063,15.988840955688687,11.381988619054937
Navajo Reservoir,2001,5.456316804055593,11.365211699716731,15.49357241152103,10.771700305097786
Navajo Reservoir,2002,7.004537609913038,10.575151885898945,17.327905109945597,11.63586486858586
Navajo Reservoir,2003,4.610228513459161,10.295399031608174,14.347067001724824,9.750898182264052
Navajo Reservoir,2004,5.357117250311797,10.295022023322176,14.995509186094804,10.215882819909593
Navajo Reservoir,2005,4.83043348328967,10.22328956057075,13.605158887478288,9.552960643779569
Navajo Reservoir,2006,6.319942466444084,11.575013212638815,16.539565592284415,11.47817375712244
Navajo Reservoir,2007,5.293745305316653,9.763642607852455,15.622333308188399,10.226573740452503
Navajo Reservoir,2008,3.9119946744313907,8.673932818957528,14.64000027505048,9.075309256146467
Navajo Reservoir,2009,3.9785558173424684,11.694806205277306,13.123583616552903,9.598981879724226
Navajo Reservoir,2010,4.625931098870229,8.292290042248396,15.652806497533133,9.523675879550586
Navajo Reservoir,2011,4.695740952872073,7.256844800546289,14.728077213340855,8.893554322253072
Navajo Reservoir,2012,6.702293296234453,10.768106384400243,17.14400094563505,11.538133542089914
Navajo Reservoir,2013,4.546362101563905,9.52890053862925,16.475931856691982,10.183731498961713
Navajo Reservoir,2014,4.374152774371154,8.788048382742362,15.177113404223617,9.446438187112378
Navajo Reservoir,2015,5.0828451873037785,8.103308222818203,15.854444601605085,9.680199337242355
Navajo Reservoir,2016,4.724301662186749,8.679935657561712,17.316359814870825,10.240199044873096
Navajo Reservoir,2017,5.0488061704112965,8.988038302956026,16.71006466544769,10.248969712938338
Navajo Reservoir,2018,6.879706222914308,11.733247788710862,16.50243781307663,11.705130608233935
Navajo Reservoir,2019,5.721149344373312,6.9459003465582265,13.983229510444378,8.883426400458639
Navajo Reservoir,2020,5.843484474532769,11.979383920133007,15.98350247040188,11.268790288355886
Navajo Reservoir,2021,5.927696780063562,10.711187663497611,17.06838833042449,11.235757591328555
Navajo Reservoir,2022,5.594538103857655,10.867660242599456,16.056368742983764,10.83952236314696
Navajo Reservoir,2023,3.443775171273081,10.678602817599758,13.404527242929657,9.175635077267499
Navajo Reservoir,2024,5.525153643758263,9.064642903263584,17.23997506919814,10.60992387207333
Navajo Reservoir,2025,5.314568798478639,9.331616131562154,16.223869708905678,10.290018212982156
Pueblo Reservoir,1980,1.086111789739478,6.9453820530888795,14.883355650487275,7.638283164438544
Pueblo Reservoir,1981,6.707751011866122,7.753613299124698,15.6245553924479,10.02863990114624
Pueblo Reservoir,1982,2.6255854130992895,7.214586753991129,11.566489026982698,7.135553731357706
Pueblo Reservoir,1983,0.08085890272279177,5.891195633024489,11.31592146668571,5.762658667477663
Pueblo Reservoir,1984,0.7470638060638609,9.61238949127007,12.925508736076031,7.761654011136653
Pueblo Reservoir,1985,4.325064170960364,8.782330406407258,13.777745584191164,8.961713387186263
Pueblo Reservoir,1986,4.134064123654538,7.863032483403969,13.659160298514328,8.552085635190943
Pueblo Reservoir,1987,3.8247369246970826,8.348594605276764,13.96339836721381,8.712243299062552
Pueblo Reservoir,1988,3.8428637680645137,8.155820810479115,14.636292927090844,8.878325835211491
Pueblo Reservoir,1989,4.872444877317979,9.12013667545559,12.072610198148904,8.68839725030749
Pueblo Reservoir,1990,4.354334681892015,6.933675028985399,15.28538305770174,8.857797589526385
Pueblo Reservoir,1991,2.7312898322973314,8.831163063295527,13.603296169751912,8.38858302178159
Pueblo Reservoir,1992,5.833011078671057,9.527102692808274,11.936416122863758,9.098843298114362
Pueblo Reservoir,1993,2.6420509815327122,8.126082975298573,12.627365181818055,7.798499712883114
Pueblo Reservoir,1994,3.151973584290384,9.138769210662586,15.690303651891448,9.327015482281473
Pueblo Reservoir,1995,1.2248666998097981,5.7427216738167015,11.583744027592232,6.18377746707291
Pueblo Reservoir,1996,3.516298622253974,10.739803025385202,14.087069063600364,9.44772357041318
Pueblo Reservoir,1997,0.804931529643102,8.039679755726668,13.57611262413536,7.47357463650171
Pueblo Reservoir,1998,1.4484962635926784,9.381945502001686,12.796877386584079,7.875773050726148
Pueblo Reservoir,1999,1.5391215194441485,7.159008271920351,12.773896649551425,7.157342146971975
Pueblo Reservoir,2000,5.280991795285929,10.41904109769578,14.332898355815708,10.010977082932472
Pueblo Reservoir,2001,5.036096066888055,9.16938939822274,14.693345665786513,9.632943710299102
Pueblo Reservoir,2002,6.141474887930232,8.951303898065134,16.58356674023019,10.558781842075186
Pueblo Reservoir,2003,4.7173752421099024,9.214119152291943,12.527411759862472,8.819635384754774
Pueblo Reservoir,2004,3.866851109312527,9.516854086763923,13.134816499064721,8.839507231713723
Pueblo Reservoir,2005,3.6741210192328366,9.020555376867453,13.510914878385455,8.735197091495248
Pueblo Reservoir,2006,5.785977477533169,10.344876880456209,15.702576522869535,10.611143626952972
Pueblo Reservoir,2007,3.3015391575769124,8.756395411117875,13.953707187501724,8.670547252065504
Pueblo Reservoir,2008,2.3664858072602843,7.811768053660363,14.043549067430765,8.073934309450472
Pueblo Reservoir,2009,2.9862468639932676,10.12729270757045,12.745957667380695,8.619832412981472
Pueblo Reservoir,2010,4.375281513439529,7.773854424983523,15.477232692331203,9.208789543584752
Pueblo Reservoir,2011,4.08292469258544,6.9369199710914025,15.045465871890482,8.688436845189107
Pueblo Reservoir,2012,6.565943994135694,10.156269167651374,17.092688917795467,11.271634026527513
Pueblo Reservoir,2013,2.0942392411958233,8.336611833743133,15.746108803147804,8.725653292695588
Pueblo Reservoir,2014,3.5080692556131927,8.188005852502805,14.196155433081229,8.63074351373241
Pueblo Reservoir,2015,4.330676536109167,7.24105407134947,15.471787484162041,9.014506030540225
Pueblo Reservoir,2016,3.7449272139341185,7.740015541591387,16.373552661226643,9.286165138917383
Pueblo Reservoir,2017,4.307813016946992,7.810162671171651,15.685509092980613,9.26782826036642
Pueblo Reservoir,2018,4.525650032764714,11.449831424466156,16.759367337951122,10.911616265060664
Pueblo Reservoir,2019,4.748776939408717,5.924554020064568,13.047229737209705,7.906853565560997
Pueblo Reservoir,2020,3.5947244032458516,10.45820410817108,15.428374161963502,9.827100891126811
Pueblo Reservoir,2021,3.4699099151181505,8.789528354005494,15.71393042953921,9.324456232887618
Pueblo Reservoir,2022,3.977773691147146,9.013443716835807,14.732679048054656,9.241298818679203
Pueblo Reservoir,2023,2.634860079976874,9.404529197073318,12.443694873930705,8.161028050326966
Pueblo Reservoir,2024,4.709517074638689,7.354722716774739,16.45103611543145,9.505091968948292
Pueblo Reservoir,2025,4.050692842711865,8.309648023356853,15.292541274890093,9.217627380319604
